"",f.value,p.value,-log10(p),FDR,Fisher's LSD
Compound4095,128.01,2.0553e-11,10.687,5.0677e-08,GenX_100mg - GenX_20mg; PFOS_10mg - GenX_100mg; PFOS_20mg - GenX_100mg; PFOS_5mg - GenX_100mg; PFOS_C - GenX_100mg; GenX_10mg - GenX_20mg; PFOS_10mg - GenX_10mg; PFOS_20mg - GenX_10mg; PFOS_C - GenX_10mg; PFOS_10mg - GenX_20mg; PFOS_20mg - GenX_20mg; PFOS_5mg - GenX_20mg; PFOS_C - GenX_20mg; PFOS_10mg - PFOS_5mg; PFOS_20mg - PFOS_5mg; PFOS_C - PFOS_5mg
Compound4102,115.89,4.0558e-11,10.392,5.0677e-08,GenX_100mg - GenX_20mg; PFOS_10mg - GenX_100mg; PFOS_20mg - GenX_100mg; PFOS_C - GenX_100mg; GenX_10mg - GenX_20mg; PFOS_10mg - GenX_10mg; PFOS_20mg - GenX_10mg; PFOS_C - GenX_10mg; PFOS_10mg - GenX_20mg; PFOS_20mg - GenX_20mg; PFOS_5mg - GenX_20mg; PFOS_C - GenX_20mg; PFOS_10mg - PFOS_5mg; PFOS_20mg - PFOS_5mg; PFOS_C - PFOS_5mg
Compound4087,73.219,9.1334e-10,9.0394,7.6081e-07,GenX_100mg - GenX_20mg; PFOS_10mg - GenX_100mg; PFOS_20mg - GenX_100mg; PFOS_C - GenX_100mg; GenX_10mg - GenX_20mg; PFOS_10mg - GenX_10mg; PFOS_C - GenX_10mg; PFOS_10mg - GenX_20mg; PFOS_20mg - GenX_20mg; PFOS_5mg - GenX_20mg; PFOS_C - GenX_20mg; PFOS_10mg - PFOS_5mg
Compound4074,50.551,1.0831e-08,7.9653,6.7666e-06,GenX_100mg - GenX_20mg; PFOS_10mg - GenX_100mg; PFOS_20mg - GenX_100mg; PFOS_C - GenX_100mg; GenX_10mg - GenX_20mg; PFOS_10mg - GenX_10mg; PFOS_C - GenX_10mg; PFOS_10mg - GenX_20mg; PFOS_20mg - GenX_20mg; PFOS_5mg - GenX_20mg; PFOS_C - GenX_20mg; PFOS_10mg - PFOS_20mg; PFOS_10mg - PFOS_5mg
Compound1369,43.22,3.0386e-08,7.5173,1.5187e-05,GenX_100mg - GenX_20mg; PFOS_10mg - GenX_100mg; PFOS_5mg - GenX_100mg; GenX_100mg - PFOS_C; GenX_10mg - GenX_20mg; PFOS_10mg - GenX_10mg; PFOS_5mg - GenX_10mg; GenX_10mg - PFOS_C; PFOS_10mg - GenX_20mg; PFOS_20mg - GenX_20mg; PFOS_5mg - GenX_20mg; PFOS_10mg - PFOS_20mg; PFOS_10mg - PFOS_5mg; PFOS_10mg - PFOS_C; PFOS_5mg - PFOS_20mg; PFOS_5mg - PFOS_C
Compound3700,38.986,5.9577e-08,7.2249,2.4814e-05,PFOS_10mg - GenX_100mg; PFOS_20mg - GenX_100mg; PFOS_5mg - GenX_100mg; PFOS_10mg - GenX_10mg; PFOS_20mg - GenX_10mg; PFOS_5mg - GenX_10mg; PFOS_10mg - GenX_20mg; PFOS_20mg - GenX_20mg; PFOS_5mg - GenX_20mg; PFOS_10mg - PFOS_C; PFOS_20mg - PFOS_C; PFOS_5mg - PFOS_C
Compound830,37.235,8.0305e-08,7.0953,2.8669e-05,GenX_100mg - GenX_20mg; PFOS_10mg - GenX_100mg; PFOS_20mg - GenX_100mg; PFOS_5mg - GenX_100mg; PFOS_C - GenX_100mg; GenX_10mg - GenX_20mg; PFOS_10mg - GenX_10mg; PFOS_5mg - GenX_10mg; PFOS_10mg - GenX_20mg; PFOS_20mg - GenX_20mg; PFOS_5mg - GenX_20mg; PFOS_C - GenX_20mg
Compound1072,35.686,1.0573e-07,6.9758,3.3027e-05,GenX_10mg - GenX_100mg; PFOS_10mg - GenX_100mg; PFOS_20mg - GenX_100mg; PFOS_C - GenX_100mg; GenX_10mg - GenX_20mg; GenX_10mg - PFOS_10mg; GenX_10mg - PFOS_5mg; GenX_10mg - PFOS_C; PFOS_10mg - GenX_20mg; PFOS_20mg - GenX_20mg; PFOS_C - GenX_20mg; PFOS_20mg - PFOS_10mg; PFOS_10mg - PFOS_5mg; PFOS_20mg - PFOS_5mg; PFOS_20mg - PFOS_C; PFOS_C - PFOS_5mg
Compound4251,33.293,1.6539e-07,6.7815,4.5924e-05,PFOS_10mg - GenX_100mg; PFOS_5mg - GenX_100mg; PFOS_C - GenX_100mg; PFOS_10mg - GenX_10mg; PFOS_5mg - GenX_10mg; PFOS_C - GenX_10mg; PFOS_10mg - GenX_20mg; PFOS_5mg - GenX_20mg; PFOS_C - GenX_20mg; PFOS_10mg - PFOS_20mg; PFOS_5mg - PFOS_20mg; PFOS_C - PFOS_20mg
Compound2941,29.09,3.9179e-07,6.407,9.7907e-05,PFOS_10mg - GenX_100mg; PFOS_5mg - GenX_100mg; PFOS_C - GenX_100mg; PFOS_10mg - GenX_10mg; PFOS_5mg - GenX_10mg; PFOS_C - GenX_10mg; PFOS_10mg - GenX_20mg; PFOS_5mg - GenX_20mg; PFOS_C - GenX_20mg; PFOS_10mg - PFOS_20mg; PFOS_5mg - PFOS_20mg; PFOS_C - PFOS_20mg
Compound3699,26.612,6.8803e-07,6.1624,0.00015631,PFOS_10mg - GenX_100mg; PFOS_20mg - GenX_100mg; PFOS_5mg - GenX_100mg; PFOS_10mg - GenX_10mg; PFOS_20mg - GenX_10mg; PFOS_5mg - GenX_10mg; PFOS_10mg - GenX_20mg; PFOS_20mg - GenX_20mg; PFOS_5mg - GenX_20mg; PFOS_10mg - PFOS_C; PFOS_20mg - PFOS_C; PFOS_5mg - PFOS_C
Compound4949,26.159,7.6645e-07,6.1155,0.00015961,PFOS_10mg - GenX_100mg; PFOS_5mg - GenX_100mg; PFOS_C - GenX_100mg; PFOS_10mg - GenX_10mg; PFOS_5mg - GenX_10mg; PFOS_C - GenX_10mg; PFOS_10mg - GenX_20mg; PFOS_5mg - GenX_20mg; PFOS_C - GenX_20mg; PFOS_10mg - PFOS_20mg; PFOS_5mg - PFOS_20mg; PFOS_C - PFOS_20mg
Compound3692,23.244,1.6031e-06,5.795,0.00028396,PFOS_10mg - GenX_100mg; PFOS_5mg - GenX_100mg; PFOS_C - GenX_100mg; PFOS_10mg - GenX_10mg; PFOS_5mg - GenX_10mg; PFOS_C - GenX_10mg; PFOS_10mg - GenX_20mg; PFOS_5mg - GenX_20mg; PFOS_C - GenX_20mg; PFOS_10mg - PFOS_20mg; PFOS_5mg - PFOS_20mg; PFOS_C - PFOS_20mg; PFOS_5mg - PFOS_C
Compound545,23.12,1.657e-06,5.7807,0.00028396,GenX_100mg - GenX_20mg; GenX_10mg - GenX_20mg; PFOS_10mg - GenX_20mg; PFOS_20mg - GenX_20mg; PFOS_5mg - GenX_20mg; PFOS_C - GenX_20mg
Compound4696,23.015,1.7044e-06,5.7684,0.00028396,PFOS_10mg - GenX_100mg; PFOS_20mg - GenX_100mg; PFOS_5mg - GenX_100mg; PFOS_C - GenX_100mg; PFOS_10mg - GenX_10mg; PFOS_20mg - GenX_10mg; PFOS_5mg - GenX_10mg; PFOS_C - GenX_10mg; PFOS_10mg - GenX_20mg; PFOS_20mg - GenX_20mg; PFOS_5mg - GenX_20mg; PFOS_C - GenX_20mg
Compound978,22.043,2.2257e-06,5.6525,0.00033151,GenX_10mg - GenX_100mg; PFOS_10mg - GenX_100mg; PFOS_20mg - GenX_100mg; PFOS_5mg - GenX_100mg; PFOS_C - GenX_100mg; GenX_10mg - GenX_20mg; PFOS_10mg - GenX_10mg; PFOS_10mg - GenX_20mg; PFOS_20mg - GenX_20mg; PFOS_5mg - GenX_20mg; PFOS_C - GenX_20mg
Compound617,21.996,2.2552e-06,5.6468,0.00033151,PFOS_10mg - GenX_100mg; PFOS_5mg - GenX_100mg; PFOS_10mg - GenX_10mg; PFOS_5mg - GenX_10mg; PFOS_10mg - GenX_20mg; PFOS_5mg - GenX_20mg; PFOS_10mg - PFOS_20mg; PFOS_10mg - PFOS_C; PFOS_5mg - PFOS_20mg; PFOS_5mg - PFOS_C
Compound802,20.723,3.2519e-06,5.4879,0.00044093,GenX_100mg - GenX_20mg; PFOS_5mg - GenX_100mg; GenX_10mg - GenX_20mg; PFOS_5mg - GenX_10mg; PFOS_10mg - GenX_20mg; PFOS_20mg - GenX_20mg; PFOS_5mg - GenX_20mg; PFOS_C - GenX_20mg
Compound4984,20.62,3.3524e-06,5.4746,0.00044093,PFOS_10mg - GenX_100mg; PFOS_5mg - GenX_100mg; PFOS_C - GenX_100mg; PFOS_10mg - GenX_10mg; PFOS_5mg - GenX_10mg; PFOS_C - GenX_10mg; PFOS_10mg - GenX_20mg; PFOS_5mg - GenX_20mg; PFOS_C - GenX_20mg; PFOS_10mg - PFOS_20mg; PFOS_5mg - PFOS_20mg; PFOS_C - PFOS_20mg; PFOS_5mg - PFOS_C
Compound3108,19.701,4.4265e-06,5.3539,0.00055309,PFOS_10mg - GenX_100mg; PFOS_5mg - GenX_100mg; PFOS_C - GenX_100mg; PFOS_10mg - GenX_10mg; PFOS_5mg - GenX_10mg; PFOS_C - GenX_10mg; PFOS_10mg - GenX_20mg; PFOS_5mg - GenX_20mg; PFOS_C - GenX_20mg; PFOS_10mg - PFOS_20mg; PFOS_5mg - PFOS_20mg; PFOS_C - PFOS_20mg
Compound4826,18.75,5.9728e-06,5.2238,0.00071076,PFOS_10mg - GenX_100mg; PFOS_5mg - GenX_100mg; PFOS_C - GenX_100mg; PFOS_10mg - GenX_10mg; PFOS_5mg - GenX_10mg; PFOS_C - GenX_10mg; PFOS_10mg - GenX_20mg; PFOS_5mg - GenX_20mg; PFOS_C - GenX_20mg; PFOS_10mg - PFOS_20mg; PFOS_5mg - PFOS_20mg; PFOS_C - PFOS_20mg
Compound3528,17.917,7.8506e-06,5.1051,0.00087734,PFOS_10mg - GenX_100mg; PFOS_5mg - GenX_100mg; PFOS_C - GenX_100mg; PFOS_10mg - GenX_10mg; PFOS_5mg - GenX_10mg; PFOS_C - GenX_10mg; PFOS_10mg - GenX_20mg; PFOS_5mg - GenX_20mg; PFOS_C - GenX_20mg; PFOS_10mg - PFOS_20mg; PFOS_5mg - PFOS_20mg; PFOS_C - PFOS_20mg
Compound705,17.833,8.0748e-06,5.0929,0.00087734,PFOS_10mg - GenX_100mg; PFOS_5mg - GenX_100mg; PFOS_10mg - GenX_10mg; PFOS_5mg - GenX_10mg; PFOS_10mg - GenX_20mg; PFOS_5mg - GenX_20mg; PFOS_10mg - PFOS_20mg; PFOS_10mg - PFOS_C; PFOS_5mg - PFOS_20mg; PFOS_5mg - PFOS_C
Compound4853,17.593,8.7569e-06,5.0577,0.00091181,PFOS_10mg - GenX_100mg; PFOS_5mg - GenX_100mg; PFOS_C - GenX_100mg; PFOS_10mg - GenX_10mg; PFOS_5mg - GenX_10mg; PFOS_C - GenX_10mg; PFOS_10mg - GenX_20mg; PFOS_5mg - GenX_20mg; PFOS_10mg - PFOS_20mg; PFOS_5mg - PFOS_20mg; PFOS_C - PFOS_20mg
Compound3161,17.146,1.0212e-05,4.9909,0.00098583,PFOS_10mg - GenX_100mg; PFOS_5mg - GenX_100mg; PFOS_C - GenX_100mg; PFOS_10mg - GenX_10mg; PFOS_5mg - GenX_10mg; PFOS_C - GenX_10mg; PFOS_10mg - GenX_20mg; PFOS_5mg - GenX_20mg; PFOS_C - GenX_20mg; PFOS_10mg - PFOS_20mg; PFOS_5mg - PFOS_20mg; PFOS_C - PFOS_20mg
Compound1143,17.133,1.0257e-05,4.989,0.00098583,PFOS_10mg - GenX_100mg; PFOS_5mg - GenX_100mg; PFOS_10mg - GenX_10mg; PFOS_5mg - GenX_10mg; PFOS_10mg - GenX_20mg; PFOS_5mg - GenX_20mg; PFOS_10mg - PFOS_20mg; PFOS_10mg - PFOS_C; PFOS_5mg - PFOS_20mg; PFOS_5mg - PFOS_C
Compound3088,16.842,1.1356e-05,4.9448,0.0010511,PFOS_10mg - GenX_100mg; PFOS_5mg - GenX_100mg; PFOS_10mg - GenX_10mg; PFOS_5mg - GenX_10mg; PFOS_10mg - GenX_20mg; PFOS_5mg - GenX_20mg; PFOS_10mg - PFOS_20mg; PFOS_10mg - PFOS_C; PFOS_5mg - PFOS_20mg; PFOS_5mg - PFOS_C
Compound2220,16.477,1.293e-05,4.8884,0.0011277,GenX_10mg - GenX_100mg; PFOS_10mg - GenX_100mg; PFOS_20mg - GenX_100mg; PFOS_5mg - GenX_100mg; PFOS_C - GenX_100mg; GenX_10mg - GenX_20mg; PFOS_10mg - GenX_20mg; PFOS_20mg - GenX_20mg; PFOS_5mg - GenX_20mg; PFOS_C - GenX_20mg
Compound3677,16.444,1.3087e-05,4.8832,0.0011277,PFOS_10mg - GenX_100mg; PFOS_5mg - GenX_100mg; PFOS_C - GenX_100mg; GenX_20mg - GenX_10mg; PFOS_10mg - GenX_10mg; PFOS_20mg - GenX_10mg; PFOS_5mg - GenX_10mg; PFOS_C - GenX_10mg; PFOS_10mg - GenX_20mg; PFOS_5mg - GenX_20mg; PFOS_10mg - PFOS_20mg; PFOS_5mg - PFOS_20mg
Compound4640,16.178,1.4409e-05,4.8414,0.0011848,PFOS_10mg - GenX_100mg; PFOS_5mg - GenX_100mg; PFOS_C - GenX_100mg; PFOS_10mg - GenX_10mg; PFOS_5mg - GenX_10mg; PFOS_C - GenX_10mg; PFOS_10mg - GenX_20mg; PFOS_5mg - GenX_20mg; PFOS_10mg - PFOS_20mg; PFOS_5mg - PFOS_20mg; PFOS_C - PFOS_20mg
Compound2866,16.069,1.4999e-05,4.8239,0.0011848,GenX_100mg - PFOS_10mg; PFOS_20mg - GenX_100mg; GenX_100mg - PFOS_C; PFOS_20mg - GenX_10mg; GenX_20mg - PFOS_10mg; PFOS_20mg - GenX_20mg; GenX_20mg - PFOS_C; PFOS_20mg - PFOS_10mg; PFOS_5mg - PFOS_10mg; PFOS_20mg - PFOS_5mg; PFOS_20mg - PFOS_C; PFOS_5mg - PFOS_C
Compound2969,16.022,1.5259e-05,4.8165,0.0011848,GenX_100mg - GenX_20mg; PFOS_10mg - GenX_100mg; PFOS_5mg - GenX_100mg; GenX_10mg - GenX_20mg; PFOS_10mg - GenX_10mg; PFOS_5mg - GenX_10mg; PFOS_10mg - GenX_20mg; PFOS_20mg - GenX_20mg; PFOS_5mg - GenX_20mg; PFOS_10mg - PFOS_20mg; PFOS_10mg - PFOS_C; PFOS_5mg - PFOS_20mg; PFOS_5mg - PFOS_C
Compound3656,15.886,1.6041e-05,4.7948,0.0011848,PFOS_10mg - GenX_100mg; PFOS_5mg - GenX_100mg; PFOS_10mg - GenX_10mg; PFOS_5mg - GenX_10mg; PFOS_10mg - GenX_20mg; PFOS_5mg - GenX_20mg; PFOS_10mg - PFOS_20mg; PFOS_10mg - PFOS_C; PFOS_5mg - PFOS_20mg; PFOS_5mg - PFOS_C
Compound3129,15.873,1.612e-05,4.7926,0.0011848,PFOS_10mg - GenX_100mg; PFOS_5mg - GenX_100mg; PFOS_C - GenX_100mg; PFOS_10mg - GenX_10mg; PFOS_5mg - GenX_10mg; PFOS_C - GenX_10mg; PFOS_10mg - GenX_20mg; PFOS_5mg - GenX_20mg; PFOS_C - GenX_20mg; PFOS_10mg - PFOS_20mg; PFOS_5mg - PFOS_20mg; PFOS_C - PFOS_20mg
Compound4194,15.629,1.7659e-05,4.753,0.0012235,GenX_20mg - GenX_100mg; PFOS_10mg - GenX_100mg; PFOS_20mg - GenX_100mg; PFOS_5mg - GenX_100mg; PFOS_C - GenX_100mg; PFOS_10mg - GenX_10mg; PFOS_5mg - GenX_10mg; PFOS_C - GenX_10mg; PFOS_10mg - GenX_20mg; PFOS_5mg - GenX_20mg; PFOS_10mg - PFOS_20mg; PFOS_5mg - PFOS_20mg
Compound4256,15.617,1.7736e-05,4.7512,0.0012235,GenX_20mg - GenX_100mg; PFOS_10mg - GenX_100mg; PFOS_5mg - GenX_100mg; PFOS_C - GenX_100mg; PFOS_10mg - GenX_10mg; PFOS_5mg - GenX_10mg; PFOS_C - GenX_10mg; PFOS_5mg - GenX_20mg; PFOS_10mg - PFOS_20mg; PFOS_5mg - PFOS_20mg
Compound103,15.561,1.8115e-05,4.742,0.0012235,PFOS_5mg - GenX_100mg; PFOS_5mg - GenX_10mg; PFOS_5mg - GenX_20mg; PFOS_5mg - PFOS_10mg; PFOS_5mg - PFOS_20mg; PFOS_5mg - PFOS_C
Compound1598,15.004,2.2415e-05,4.6495,0.0014653,GenX_100mg - PFOS_10mg; PFOS_20mg - GenX_100mg; GenX_100mg - PFOS_5mg; GenX_10mg - PFOS_10mg; GenX_10mg - PFOS_5mg; PFOS_20mg - GenX_20mg; GenX_20mg - PFOS_5mg; PFOS_C - GenX_20mg; PFOS_20mg - PFOS_10mg; PFOS_C - PFOS_10mg; PFOS_20mg - PFOS_5mg; PFOS_C - PFOS_5mg
Compound4530,14.953,2.2867e-05,4.6408,0.0014653,GenX_20mg - GenX_100mg; PFOS_10mg - GenX_100mg; PFOS_5mg - GenX_100mg; PFOS_C - GenX_100mg; PFOS_10mg - GenX_10mg; PFOS_5mg - GenX_10mg; PFOS_C - GenX_10mg; PFOS_5mg - GenX_20mg; PFOS_10mg - PFOS_20mg; PFOS_5mg - PFOS_20mg; PFOS_C - PFOS_20mg
Compound1438,14.756,2.4697e-05,4.6073,0.001543,GenX_10mg - GenX_100mg; GenX_20mg - GenX_100mg; PFOS_10mg - GenX_100mg; PFOS_20mg - GenX_100mg; GenX_10mg - PFOS_10mg; GenX_10mg - PFOS_5mg; GenX_10mg - PFOS_C; GenX_20mg - PFOS_5mg; GenX_20mg - PFOS_C; PFOS_20mg - PFOS_5mg; PFOS_20mg - PFOS_C
Compound4855,14.534,2.6973e-05,4.5691,0.001644,PFOS_10mg - GenX_100mg; PFOS_5mg - GenX_100mg; PFOS_C - GenX_100mg; PFOS_10mg - GenX_10mg; PFOS_5mg - GenX_10mg; PFOS_C - GenX_10mg; PFOS_10mg - GenX_20mg; PFOS_5mg - GenX_20mg; PFOS_C - GenX_20mg; PFOS_10mg - PFOS_20mg; PFOS_5mg - PFOS_20mg
Compound2965,14.399,2.8469e-05,4.5456,0.0016939,PFOS_20mg - GenX_100mg; PFOS_20mg - GenX_10mg; PFOS_20mg - GenX_20mg; PFOS_20mg - PFOS_10mg; PFOS_20mg - PFOS_5mg; PFOS_20mg - PFOS_C
Compound4695,14.246,3.0279e-05,4.5189,0.0017597,PFOS_10mg - GenX_100mg; PFOS_5mg - GenX_100mg; PFOS_C - GenX_100mg; PFOS_10mg - GenX_10mg; PFOS_20mg - GenX_10mg; PFOS_5mg - GenX_10mg; PFOS_C - GenX_10mg; PFOS_10mg - GenX_20mg; PFOS_20mg - GenX_20mg; PFOS_5mg - GenX_20mg; PFOS_C - GenX_20mg
Compound3287,14.039,3.295e-05,4.4821,0.0017736,PFOS_10mg - GenX_100mg; PFOS_5mg - GenX_100mg; PFOS_C - GenX_100mg; GenX_20mg - GenX_10mg; PFOS_10mg - GenX_10mg; PFOS_5mg - GenX_10mg; PFOS_C - GenX_10mg; PFOS_10mg - GenX_20mg; PFOS_10mg - PFOS_20mg; PFOS_5mg - PFOS_20mg; PFOS_C - PFOS_20mg
Compound411,14.024,3.315e-05,4.4795,0.0017736,PFOS_5mg - GenX_100mg; PFOS_5mg - GenX_10mg; PFOS_5mg - GenX_20mg; PFOS_5mg - PFOS_10mg; PFOS_5mg - PFOS_20mg; PFOS_5mg - PFOS_C
Compound4065,13.996,3.3539e-05,4.4745,0.0017736,GenX_100mg - PFOS_10mg; GenX_100mg - PFOS_5mg; GenX_10mg - PFOS_10mg; GenX_10mg - PFOS_5mg; GenX_20mg - PFOS_10mg; GenX_20mg - PFOS_5mg; PFOS_20mg - PFOS_10mg; PFOS_C - PFOS_10mg; PFOS_20mg - PFOS_5mg; PFOS_C - PFOS_5mg
Compound4172,13.975,3.3829e-05,4.4707,0.0017736,PFOS_10mg - GenX_100mg; PFOS_20mg - GenX_100mg; PFOS_C - GenX_100mg; PFOS_10mg - GenX_10mg; PFOS_20mg - GenX_10mg; PFOS_C - GenX_10mg; PFOS_10mg - GenX_20mg; PFOS_20mg - GenX_20mg; PFOS_C - GenX_20mg; PFOS_10mg - PFOS_5mg; PFOS_20mg - PFOS_5mg
Compound2846,13.949,3.4194e-05,4.4661,0.0017736,PFOS_20mg - GenX_100mg; PFOS_20mg - GenX_10mg; PFOS_20mg - GenX_20mg; PFOS_20mg - PFOS_10mg; PFOS_20mg - PFOS_5mg; PFOS_20mg - PFOS_C
Compound1376,13.908,3.4776e-05,4.4587,0.0017736,GenX_100mg - GenX_10mg; PFOS_10mg - GenX_100mg; PFOS_5mg - GenX_100mg; PFOS_10mg - GenX_10mg; PFOS_5mg - GenX_10mg; PFOS_10mg - GenX_20mg; PFOS_5mg - GenX_20mg; PFOS_10mg - PFOS_20mg; PFOS_10mg - PFOS_C; PFOS_5mg - PFOS_20mg; PFOS_5mg - PFOS_C
Compound3768,13.706,3.7827e-05,4.4222,0.0018415,PFOS_10mg - GenX_100mg; PFOS_5mg - GenX_100mg; PFOS_C - GenX_100mg; PFOS_10mg - GenX_10mg; PFOS_5mg - GenX_10mg; PFOS_C - GenX_10mg; PFOS_10mg - GenX_20mg; PFOS_5mg - GenX_20mg; PFOS_C - GenX_20mg; PFOS_10mg - PFOS_20mg; PFOS_5mg - PFOS_20mg; PFOS_C - PFOS_20mg
Compound2647,13.69,3.8072e-05,4.4194,0.0018415,GenX_100mg - PFOS_5mg; GenX_10mg - PFOS_5mg; GenX_20mg - PFOS_10mg; GenX_20mg - PFOS_5mg; PFOS_10mg - PFOS_5mg; PFOS_20mg - PFOS_5mg; PFOS_C - PFOS_5mg
Compound416,13.613,3.9317e-05,4.4054,0.0018415,PFOS_5mg - GenX_100mg; PFOS_5mg - GenX_10mg; PFOS_5mg - GenX_20mg; PFOS_5mg - PFOS_10mg; PFOS_5mg - PFOS_20mg; PFOS_5mg - PFOS_C
Compound3512,13.592,3.9679e-05,4.4014,0.0018415,GenX_100mg - PFOS_10mg; GenX_100mg - PFOS_5mg; GenX_10mg - PFOS_10mg; GenX_10mg - PFOS_5mg; GenX_10mg - PFOS_C; GenX_20mg - PFOS_10mg; GenX_20mg - PFOS_5mg; PFOS_20mg - PFOS_10mg; PFOS_20mg - PFOS_5mg; PFOS_20mg - PFOS_C
Compound4002,13.585,3.9793e-05,4.4002,0.0018415,GenX_20mg - GenX_100mg; PFOS_10mg - GenX_100mg; PFOS_5mg - GenX_100mg; PFOS_C - GenX_100mg; PFOS_10mg - GenX_10mg; PFOS_5mg - GenX_10mg; PFOS_C - GenX_10mg; PFOS_5mg - GenX_20mg; PFOS_10mg - PFOS_20mg; PFOS_5mg - PFOS_20mg
Compound2218,13.399,4.3047e-05,4.3661,0.0019308,PFOS_10mg - GenX_100mg; PFOS_20mg - GenX_100mg; PFOS_5mg - GenX_100mg; PFOS_C - GenX_100mg; PFOS_10mg - GenX_10mg; PFOS_20mg - GenX_10mg; PFOS_5mg - GenX_10mg; PFOS_C - GenX_10mg; PFOS_10mg - GenX_20mg; PFOS_20mg - GenX_20mg; PFOS_5mg - GenX_20mg; PFOS_C - GenX_20mg
Compound4430,13.362,4.3729e-05,4.3592,0.0019308,GenX_20mg - GenX_100mg; PFOS_10mg - GenX_100mg; PFOS_5mg - GenX_100mg; PFOS_C - GenX_100mg; GenX_20mg - GenX_10mg; PFOS_10mg - GenX_10mg; PFOS_5mg - GenX_10mg; PFOS_C - GenX_10mg; PFOS_5mg - GenX_20mg; PFOS_10mg - PFOS_20mg; PFOS_5mg - PFOS_20mg; PFOS_C - PFOS_20mg
Compound4750,13.346,4.4041e-05,4.3561,0.0019308,PFOS_10mg - GenX_100mg; PFOS_5mg - GenX_100mg; PFOS_C - GenX_100mg; PFOS_10mg - GenX_10mg; PFOS_5mg - GenX_10mg; PFOS_C - GenX_10mg; PFOS_10mg - GenX_20mg; PFOS_5mg - GenX_20mg; PFOS_10mg - PFOS_20mg; PFOS_5mg - PFOS_20mg; PFOS_C - PFOS_20mg
Compound2518,13.199,4.6911e-05,4.3287,0.0020212,GenX_100mg - PFOS_5mg; GenX_10mg - PFOS_5mg; GenX_20mg - PFOS_5mg; PFOS_10mg - PFOS_5mg; PFOS_20mg - PFOS_5mg; PFOS_C - PFOS_5mg
Compound3021,13.115,4.8651e-05,4.3129,0.0020607,GenX_100mg - GenX_10mg; GenX_100mg - GenX_20mg; GenX_100mg - PFOS_20mg; PFOS_10mg - GenX_10mg; PFOS_5mg - GenX_10mg; PFOS_10mg - GenX_20mg; PFOS_5mg - GenX_20mg; PFOS_10mg - PFOS_20mg; PFOS_10mg - PFOS_C; PFOS_5mg - PFOS_20mg; PFOS_5mg - PFOS_C
Compound4496,12.824,5.5252e-05,4.2577,0.0022969,PFOS_10mg - GenX_100mg; PFOS_5mg - GenX_100mg; PFOS_C - GenX_100mg; PFOS_10mg - GenX_10mg; PFOS_5mg - GenX_10mg; PFOS_C - GenX_10mg; PFOS_10mg - GenX_20mg; PFOS_5mg - GenX_20mg; PFOS_C - GenX_20mg; PFOS_10mg - PFOS_20mg; PFOS_5mg - PFOS_20mg; PFOS_C - PFOS_20mg
Compound3678,12.79,5.6068e-05,4.2513,0.0022969,PFOS_10mg - GenX_100mg; PFOS_20mg - GenX_100mg; PFOS_5mg - GenX_100mg; PFOS_C - GenX_100mg; PFOS_10mg - GenX_10mg; PFOS_20mg - GenX_10mg; PFOS_5mg - GenX_10mg; PFOS_C - GenX_10mg; PFOS_10mg - GenX_20mg; PFOS_20mg - GenX_20mg; PFOS_5mg - GenX_20mg; PFOS_C - GenX_20mg
Compound3098,12.564,6.2029e-05,4.2074,0.0024716,PFOS_20mg - GenX_100mg; PFOS_20mg - GenX_10mg; PFOS_20mg - GenX_20mg; PFOS_20mg - PFOS_10mg; PFOS_20mg - PFOS_5mg; PFOS_20mg - PFOS_C
Compound4836,12.554,6.2309e-05,4.2055,0.0024716,PFOS_10mg - GenX_100mg; PFOS_5mg - GenX_100mg; PFOS_C - GenX_100mg; PFOS_10mg - GenX_10mg; PFOS_5mg - GenX_10mg; PFOS_C - GenX_10mg; PFOS_10mg - GenX_20mg; PFOS_5mg - GenX_20mg; PFOS_C - GenX_20mg; PFOS_10mg - PFOS_20mg; PFOS_5mg - PFOS_20mg; PFOS_C - PFOS_20mg
Compound4701,12.421,6.6133e-05,4.1796,0.0025461,PFOS_10mg - GenX_100mg; PFOS_20mg - GenX_100mg; PFOS_5mg - GenX_100mg; PFOS_C - GenX_100mg; PFOS_10mg - GenX_10mg; PFOS_C - GenX_10mg; PFOS_10mg - GenX_20mg; PFOS_5mg - GenX_20mg; PFOS_C - GenX_20mg
Compound410,12.382,6.7342e-05,4.1717,0.0025461,PFOS_5mg - GenX_100mg; PFOS_5mg - GenX_10mg; PFOS_5mg - GenX_20mg; PFOS_5mg - PFOS_10mg; PFOS_5mg - PFOS_20mg; PFOS_5mg - PFOS_C
Compound3565,12.369,6.7719e-05,4.1693,0.0025461,PFOS_5mg - GenX_100mg; PFOS_5mg - GenX_10mg; PFOS_10mg - GenX_20mg; PFOS_5mg - GenX_20mg; PFOS_5mg - PFOS_10mg; PFOS_5mg - PFOS_20mg; PFOS_5mg - PFOS_C
Compound4626,12.352,6.8263e-05,4.1658,0.0025461,PFOS_10mg - GenX_100mg; PFOS_5mg - GenX_100mg; PFOS_C - GenX_100mg; PFOS_10mg - GenX_10mg; PFOS_5mg - GenX_10mg; PFOS_C - GenX_10mg; PFOS_10mg - GenX_20mg; PFOS_5mg - GenX_20mg; PFOS_10mg - PFOS_20mg; PFOS_5mg - PFOS_20mg; PFOS_C - PFOS_20mg
Compound3401,12.215,7.2648e-05,4.1388,0.0026698,PFOS_10mg - GenX_100mg; PFOS_5mg - GenX_100mg; PFOS_C - GenX_100mg; PFOS_10mg - GenX_10mg; PFOS_5mg - GenX_10mg; PFOS_C - GenX_10mg; PFOS_10mg - GenX_20mg; PFOS_5mg - GenX_20mg; PFOS_C - GenX_20mg; PFOS_10mg - PFOS_20mg; PFOS_5mg - PFOS_20mg
Compound4500,12.15,7.4861e-05,4.1257,0.0027113,PFOS_10mg - GenX_100mg; PFOS_5mg - GenX_100mg; PFOS_C - GenX_100mg; PFOS_10mg - GenX_10mg; PFOS_5mg - GenX_10mg; PFOS_10mg - GenX_20mg; PFOS_5mg - GenX_20mg; PFOS_C - GenX_20mg; PFOS_10mg - PFOS_20mg; PFOS_5mg - PFOS_20mg
Compound3254,12.072,7.7606e-05,4.1101,0.0027639,PFOS_10mg - GenX_100mg; PFOS_5mg - GenX_100mg; PFOS_C - GenX_100mg; PFOS_10mg - GenX_10mg; PFOS_5mg - GenX_10mg; PFOS_C - GenX_10mg; PFOS_10mg - GenX_20mg; PFOS_5mg - GenX_20mg; PFOS_C - GenX_20mg; PFOS_10mg - PFOS_20mg; PFOS_5mg - PFOS_20mg
Compound892,12.047,7.8528e-05,4.105,0.0027639,PFOS_10mg - GenX_100mg; PFOS_5mg - GenX_100mg; GenX_20mg - GenX_10mg; PFOS_10mg - GenX_10mg; PFOS_5mg - GenX_10mg; PFOS_10mg - GenX_20mg; PFOS_10mg - PFOS_20mg; PFOS_10mg - PFOS_C; PFOS_5mg - PFOS_20mg; PFOS_5mg - PFOS_C
Compound2841,11.9,8.4089e-05,4.0753,0.0028705,PFOS_20mg - GenX_100mg; PFOS_20mg - GenX_10mg; PFOS_10mg - GenX_20mg; PFOS_20mg - GenX_20mg; PFOS_20mg - PFOS_10mg; PFOS_20mg - PFOS_5mg; PFOS_20mg - PFOS_C
Compound4207,11.89,8.4457e-05,4.0734,0.0028705,PFOS_10mg - GenX_100mg; PFOS_5mg - GenX_100mg; PFOS_C - GenX_100mg; PFOS_10mg - GenX_10mg; PFOS_5mg - GenX_10mg; PFOS_C - GenX_10mg; PFOS_5mg - GenX_20mg; PFOS_10mg - PFOS_20mg; PFOS_5mg - PFOS_20mg
Compound4294,11.877,8.5002e-05,4.0706,0.0028705,PFOS_10mg - GenX_100mg; PFOS_5mg - GenX_100mg; PFOS_C - GenX_100mg; PFOS_10mg - GenX_10mg; PFOS_5mg - GenX_10mg; PFOS_C - GenX_10mg; PFOS_10mg - GenX_20mg; PFOS_5mg - GenX_20mg; PFOS_C - GenX_20mg; PFOS_10mg - PFOS_20mg; PFOS_5mg - PFOS_20mg; PFOS_C - PFOS_20mg
Compound4923,11.709,9.2007e-05,4.0362,0.0030657,PFOS_10mg - GenX_100mg; PFOS_5mg - GenX_100mg; PFOS_C - GenX_100mg; PFOS_10mg - GenX_10mg; PFOS_5mg - GenX_10mg; PFOS_C - GenX_10mg; PFOS_5mg - GenX_20mg; PFOS_5mg - PFOS_20mg
Compound409,11.596,9.7095e-05,4.0128,0.0031864,PFOS_5mg - GenX_100mg; PFOS_5mg - GenX_10mg; PFOS_5mg - GenX_20mg; PFOS_5mg - PFOS_10mg; PFOS_5mg - PFOS_20mg; PFOS_5mg - PFOS_C
Compound4509,11.565,9.8554e-05,4.0063,0.0031864,PFOS_10mg - GenX_100mg; PFOS_5mg - GenX_100mg; PFOS_C - GenX_100mg; PFOS_10mg - GenX_10mg; PFOS_5mg - GenX_10mg; PFOS_C - GenX_10mg; PFOS_10mg - GenX_20mg; PFOS_5mg - GenX_20mg; PFOS_C - GenX_20mg; PFOS_10mg - PFOS_20mg; PFOS_5mg - PFOS_20mg; PFOS_C - PFOS_20mg
Compound3603,11.546,9.9456e-05,4.0024,0.0031864,PFOS_10mg - GenX_100mg; PFOS_20mg - GenX_100mg; PFOS_5mg - GenX_100mg; PFOS_C - GenX_100mg; PFOS_10mg - GenX_10mg; PFOS_20mg - GenX_10mg; PFOS_5mg - GenX_10mg; PFOS_C - GenX_10mg; PFOS_10mg - GenX_20mg; PFOS_5mg - GenX_20mg
Compound4440,11.351,0.00010927,3.9615,0.0034566,PFOS_10mg - GenX_100mg; PFOS_5mg - GenX_100mg; PFOS_C - GenX_100mg; PFOS_10mg - GenX_10mg; PFOS_C - GenX_10mg; PFOS_10mg - GenX_20mg; PFOS_20mg - GenX_20mg; PFOS_5mg - GenX_20mg; PFOS_C - GenX_20mg
Compound3032,11.289,0.00011258,3.9485,0.0035167,GenX_100mg - GenX_10mg; GenX_100mg - GenX_20mg; GenX_100mg - PFOS_20mg; GenX_100mg - PFOS_C; PFOS_10mg - GenX_10mg; PFOS_5mg - GenX_10mg; PFOS_10mg - GenX_20mg; PFOS_5mg - GenX_20mg; PFOS_10mg - PFOS_20mg; PFOS_10mg - PFOS_C; PFOS_5mg - PFOS_20mg; PFOS_5mg - PFOS_C
Compound1153,11.194,0.00011799,3.9282,0.0036401,GenX_100mg - GenX_10mg; GenX_100mg - PFOS_10mg; GenX_100mg - PFOS_20mg; GenX_100mg - PFOS_5mg; GenX_20mg - GenX_10mg; GenX_20mg - PFOS_10mg; GenX_20mg - PFOS_20mg; GenX_20mg - PFOS_5mg; PFOS_20mg - PFOS_5mg; PFOS_C - PFOS_5mg
Compound3257,11.166,0.00011963,3.9222,0.0036457,PFOS_20mg - GenX_100mg; GenX_100mg - PFOS_C; PFOS_20mg - GenX_10mg; GenX_10mg - PFOS_C; PFOS_20mg - GenX_20mg; GenX_20mg - PFOS_C; PFOS_20mg - PFOS_10mg; PFOS_10mg - PFOS_C; PFOS_20mg - PFOS_5mg; PFOS_20mg - PFOS_C; PFOS_5mg - PFOS_C
Compound3760,11.078,0.00012491,3.9034,0.003748,PFOS_10mg - GenX_100mg; PFOS_5mg - GenX_100mg; PFOS_C - GenX_100mg; PFOS_10mg - GenX_10mg; PFOS_5mg - GenX_10mg; PFOS_C - GenX_10mg; PFOS_10mg - PFOS_20mg; PFOS_5mg - PFOS_20mg; PFOS_C - PFOS_20mg
Compound704,11.057,0.0001262,3.8989,0.003748,GenX_20mg - GenX_100mg; PFOS_10mg - GenX_100mg; PFOS_5mg - GenX_100mg; PFOS_C - GenX_100mg; GenX_20mg - GenX_10mg; PFOS_10mg - GenX_10mg; PFOS_5mg - GenX_10mg; PFOS_C - GenX_10mg; PFOS_5mg - PFOS_20mg
Compound4376,11.037,0.00012748,3.8945,0.003748,PFOS_10mg - GenX_100mg; PFOS_5mg - GenX_100mg; PFOS_C - GenX_100mg; PFOS_10mg - GenX_10mg; PFOS_5mg - GenX_10mg; PFOS_C - GenX_10mg; PFOS_10mg - GenX_20mg; PFOS_10mg - PFOS_20mg; PFOS_5mg - PFOS_20mg; PFOS_C - PFOS_20mg
Compound3826,10.884,0.00013759,3.8614,0.003925,PFOS_10mg - GenX_100mg; PFOS_5mg - GenX_100mg; PFOS_C - GenX_100mg; PFOS_10mg - GenX_10mg; PFOS_5mg - GenX_10mg; PFOS_C - GenX_10mg; PFOS_5mg - GenX_20mg; PFOS_5mg - PFOS_20mg
Compound4896,10.876,0.00013817,3.8596,0.003925,PFOS_10mg - GenX_100mg; PFOS_5mg - GenX_100mg; PFOS_C - GenX_100mg; PFOS_10mg - GenX_10mg; PFOS_5mg - GenX_10mg; PFOS_C - GenX_10mg; PFOS_10mg - GenX_20mg; PFOS_5mg - GenX_20mg; PFOS_10mg - PFOS_20mg; PFOS_5mg - PFOS_20mg; PFOS_C - PFOS_20mg
Compound2411,10.875,0.00013821,3.8594,0.003925,PFOS_10mg - GenX_100mg; PFOS_5mg - GenX_100mg; PFOS_C - GenX_100mg; PFOS_10mg - GenX_10mg; PFOS_5mg - GenX_10mg; PFOS_C - GenX_10mg; PFOS_10mg - GenX_20mg; PFOS_5mg - GenX_20mg; PFOS_C - GenX_20mg; PFOS_10mg - PFOS_20mg; PFOS_5mg - PFOS_20mg; PFOS_C - PFOS_20mg
Compound3945,10.81,0.00014281,3.8453,0.0039539,PFOS_10mg - GenX_100mg; PFOS_5mg - GenX_100mg; PFOS_C - GenX_100mg; PFOS_10mg - GenX_10mg; PFOS_5mg - GenX_10mg; PFOS_C - GenX_10mg; PFOS_10mg - PFOS_20mg; PFOS_5mg - PFOS_20mg; PFOS_C - PFOS_20mg
Compound1154,10.808,0.00014296,3.8448,0.0039539,GenX_10mg - GenX_100mg; GenX_20mg - GenX_100mg; PFOS_20mg - GenX_100mg; GenX_10mg - PFOS_10mg; GenX_10mg - PFOS_5mg; GenX_10mg - PFOS_C; GenX_20mg - PFOS_10mg; GenX_20mg - PFOS_5mg; GenX_20mg - PFOS_C; PFOS_20mg - PFOS_10mg; PFOS_20mg - PFOS_5mg; PFOS_20mg - PFOS_C
Compound4900,10.776,0.00014532,3.8377,0.0039539,PFOS_10mg - GenX_100mg; PFOS_5mg - GenX_100mg; PFOS_C - GenX_100mg; PFOS_10mg - GenX_10mg; PFOS_5mg - GenX_10mg; PFOS_C - GenX_10mg; PFOS_10mg - GenX_20mg; PFOS_5mg - GenX_20mg; PFOS_C - GenX_20mg; PFOS_10mg - PFOS_20mg; PFOS_5mg - PFOS_20mg; PFOS_C - PFOS_20mg
Compound3640,10.772,0.00014556,3.837,0.0039539,GenX_100mg - GenX_10mg; GenX_20mg - GenX_10mg; PFOS_10mg - GenX_10mg; PFOS_20mg - GenX_10mg; PFOS_5mg - GenX_10mg; PFOS_C - GenX_10mg
Compound2526,10.709,0.00015035,3.8229,0.00404,PFOS_10mg - GenX_100mg; PFOS_20mg - GenX_100mg; PFOS_5mg - GenX_100mg; PFOS_20mg - GenX_10mg; PFOS_5mg - GenX_10mg; PFOS_20mg - GenX_20mg; PFOS_5mg - GenX_20mg; PFOS_20mg - PFOS_C
Compound1872,10.598,0.00015909,3.7984,0.0042293,GenX_100mg - GenX_10mg; GenX_100mg - PFOS_20mg; GenX_100mg - PFOS_C; PFOS_10mg - GenX_10mg; PFOS_5mg - GenX_10mg; PFOS_10mg - GenX_20mg; PFOS_5mg - GenX_20mg; PFOS_10mg - PFOS_20mg; PFOS_10mg - PFOS_C; PFOS_5mg - PFOS_20mg; PFOS_5mg - PFOS_C
Compound3024,10.568,0.00016154,3.7917,0.0042492,PFOS_10mg - GenX_100mg; PFOS_5mg - GenX_100mg; PFOS_10mg - GenX_10mg; PFOS_5mg - GenX_10mg; PFOS_10mg - GenX_20mg; PFOS_20mg - GenX_20mg; PFOS_5mg - GenX_20mg; PFOS_10mg - PFOS_C; PFOS_5mg - PFOS_C
Compound4021,10.545,0.00016344,3.7866,0.0042547,GenX_20mg - GenX_100mg; PFOS_10mg - GenX_100mg; PFOS_5mg - GenX_100mg; PFOS_C - GenX_100mg; GenX_20mg - GenX_10mg; PFOS_10mg - GenX_10mg; PFOS_5mg - GenX_10mg; PFOS_C - GenX_10mg; PFOS_10mg - PFOS_20mg; PFOS_5mg - PFOS_20mg
Compound5045,10.489,0.00016823,3.7741,0.0042973,PFOS_10mg - GenX_100mg; PFOS_5mg - GenX_100mg; PFOS_C - GenX_100mg; PFOS_10mg - GenX_10mg; PFOS_5mg - GenX_10mg; PFOS_10mg - GenX_20mg; PFOS_5mg - GenX_20mg; PFOS_10mg - PFOS_20mg; PFOS_5mg - PFOS_20mg
Compound1150,10.486,0.00016852,3.7733,0.0042973,PFOS_10mg - GenX_100mg; PFOS_5mg - GenX_100mg; PFOS_10mg - GenX_10mg; PFOS_5mg - GenX_10mg; PFOS_5mg - GenX_20mg; PFOS_10mg - PFOS_20mg; PFOS_10mg - PFOS_C; PFOS_5mg - PFOS_20mg; PFOS_5mg - PFOS_C
Compound4735,10.438,0.00017271,3.7627,0.0043597,PFOS_10mg - GenX_100mg; PFOS_5mg - GenX_100mg; PFOS_C - GenX_100mg; PFOS_10mg - GenX_10mg; PFOS_5mg - GenX_10mg; PFOS_C - GenX_10mg; PFOS_10mg - GenX_20mg; PFOS_5mg - GenX_20mg; PFOS_10mg - PFOS_20mg; PFOS_5mg - PFOS_20mg; PFOS_C - PFOS_20mg
Compound4418,10.402,0.00017605,3.7544,0.0043996,GenX_20mg - GenX_100mg; PFOS_10mg - GenX_100mg; PFOS_5mg - GenX_100mg; PFOS_C - GenX_100mg; GenX_20mg - GenX_10mg; PFOS_10mg - GenX_10mg; PFOS_5mg - GenX_10mg; PFOS_C - GenX_10mg; PFOS_10mg - PFOS_20mg
Compound4263,10.353,0.00018057,3.7434,0.0044678,PFOS_10mg - GenX_100mg; PFOS_5mg - GenX_100mg; PFOS_C - GenX_100mg; PFOS_10mg - GenX_10mg; PFOS_5mg - GenX_10mg; PFOS_C - GenX_10mg; PFOS_10mg - GenX_20mg; PFOS_5mg - GenX_20mg; PFOS_10mg - PFOS_20mg; PFOS_5mg - PFOS_20mg; PFOS_C - PFOS_20mg
Compound4317,10.286,0.00018701,3.7281,0.0045819,GenX_20mg - GenX_100mg; PFOS_10mg - GenX_100mg; PFOS_5mg - GenX_100mg; PFOS_C - GenX_100mg; GenX_20mg - GenX_10mg; PFOS_10mg - GenX_10mg; PFOS_5mg - GenX_10mg; PFOS_C - GenX_10mg; PFOS_10mg - PFOS_20mg; PFOS_5mg - PFOS_20mg
Compound4125,10.217,0.00019389,3.7125,0.0046303,GenX_20mg - GenX_100mg; PFOS_10mg - GenX_100mg; PFOS_5mg - GenX_100mg; PFOS_C - GenX_100mg; GenX_20mg - GenX_10mg; PFOS_10mg - GenX_10mg; PFOS_5mg - GenX_10mg; PFOS_C - GenX_10mg; PFOS_10mg - PFOS_20mg; PFOS_5mg - PFOS_20mg; PFOS_C - PFOS_20mg
Compound4019,10.213,0.00019431,3.7115,0.0046303,GenX_20mg - GenX_100mg; PFOS_10mg - GenX_100mg; PFOS_5mg - GenX_100mg; PFOS_C - GenX_100mg; GenX_20mg - GenX_10mg; PFOS_10mg - GenX_10mg; PFOS_5mg - GenX_10mg; PFOS_C - GenX_10mg; PFOS_10mg - PFOS_20mg; PFOS_C - PFOS_20mg
Compound4784,10.195,0.00019615,3.7074,0.0046303,PFOS_10mg - GenX_100mg; PFOS_5mg - GenX_100mg; PFOS_C - GenX_100mg; PFOS_10mg - GenX_10mg; PFOS_5mg - GenX_10mg; PFOS_C - GenX_10mg; PFOS_5mg - GenX_20mg; PFOS_5mg - PFOS_20mg
Compound4625,10.193,0.0001964,3.7069,0.0046303,PFOS_10mg - GenX_100mg; PFOS_C - GenX_100mg; PFOS_10mg - GenX_10mg; PFOS_C - GenX_10mg; PFOS_C - GenX_20mg; PFOS_10mg - PFOS_20mg; PFOS_10mg - PFOS_5mg; PFOS_C - PFOS_20mg; PFOS_C - PFOS_5mg
Compound4177,10.152,0.00020073,3.6974,0.0046881,PFOS_10mg - GenX_100mg; PFOS_5mg - GenX_100mg; PFOS_C - GenX_100mg; PFOS_10mg - GenX_10mg; PFOS_5mg - GenX_10mg; PFOS_C - GenX_10mg; PFOS_10mg - GenX_20mg; PFOS_5mg - GenX_20mg; PFOS_C - GenX_20mg; PFOS_10mg - PFOS_20mg; PFOS_5mg - PFOS_20mg
Compound4190,10.045,0.0002124,3.6729,0.0049146,PFOS_10mg - GenX_100mg; PFOS_5mg - GenX_100mg; PFOS_C - GenX_100mg; GenX_20mg - GenX_10mg; PFOS_10mg - GenX_10mg; PFOS_20mg - GenX_10mg; PFOS_5mg - GenX_10mg; PFOS_C - GenX_10mg
Compound3670,9.9238,0.00022669,3.6446,0.0051973,PFOS_10mg - GenX_100mg; PFOS_5mg - GenX_100mg; PFOS_C - GenX_100mg; GenX_20mg - GenX_10mg; PFOS_10mg - GenX_10mg; PFOS_20mg - GenX_10mg; PFOS_5mg - GenX_10mg; PFOS_C - GenX_10mg
Compound1880,9.859,0.00023476,3.6294,0.0053333,PFOS_10mg - GenX_100mg; PFOS_5mg - GenX_100mg; PFOS_C - GenX_100mg; PFOS_10mg - GenX_10mg; PFOS_5mg - GenX_10mg; PFOS_C - GenX_10mg; PFOS_10mg - GenX_20mg; PFOS_5mg - GenX_20mg; PFOS_5mg - PFOS_20mg
Compound998,9.7289,0.00025198,3.5986,0.005673,PFOS_5mg - GenX_100mg; PFOS_5mg - GenX_10mg; PFOS_5mg - GenX_20mg; PFOS_5mg - PFOS_10mg; PFOS_5mg - PFOS_20mg; PFOS_5mg - PFOS_C
Compound4422,9.5371,0.00028005,3.5528,0.0062235,PFOS_10mg - GenX_100mg; PFOS_5mg - GenX_100mg; PFOS_C - GenX_100mg; PFOS_10mg - GenX_10mg; PFOS_5mg - GenX_10mg; PFOS_C - GenX_10mg; PFOS_10mg - GenX_20mg; PFOS_5mg - GenX_20mg; PFOS_C - GenX_20mg; PFOS_10mg - PFOS_20mg; PFOS_5mg - PFOS_20mg; PFOS_C - PFOS_20mg
Compound4613,9.5284,0.00028141,3.5507,0.0062235,PFOS_10mg - GenX_100mg; PFOS_5mg - GenX_100mg; PFOS_C - GenX_100mg; PFOS_10mg - GenX_10mg; PFOS_5mg - GenX_10mg; PFOS_10mg - GenX_20mg; PFOS_5mg - GenX_20mg; PFOS_10mg - PFOS_20mg; PFOS_5mg - PFOS_20mg
Compound1074,9.4988,0.00028608,3.5435,0.0062712,GenX_100mg - PFOS_10mg; GenX_100mg - PFOS_5mg; GenX_10mg - PFOS_10mg; GenX_10mg - PFOS_5mg; GenX_20mg - PFOS_10mg; GenX_20mg - PFOS_5mg; PFOS_20mg - PFOS_10mg; PFOS_20mg - PFOS_5mg; PFOS_C - PFOS_5mg
Compound2237,9.4079,0.00030096,3.5215,0.0065401,PFOS_10mg - GenX_100mg; PFOS_5mg - GenX_100mg; PFOS_10mg - GenX_10mg; PFOS_5mg - GenX_10mg; PFOS_10mg - GenX_20mg; PFOS_5mg - GenX_20mg; PFOS_10mg - PFOS_20mg; PFOS_10mg - PFOS_C; PFOS_5mg - PFOS_20mg; PFOS_5mg - PFOS_C
Compound3939,9.3732,0.00030689,3.513,0.0066114,PFOS_10mg - GenX_100mg; PFOS_5mg - GenX_100mg; PFOS_C - GenX_100mg; PFOS_10mg - GenX_10mg; PFOS_5mg - GenX_10mg; PFOS_C - GenX_10mg; PFOS_10mg - PFOS_20mg; PFOS_5mg - PFOS_20mg; PFOS_C - PFOS_20mg
Compound3155,9.3309,0.00031429,3.5027,0.0066903,PFOS_10mg - GenX_100mg; PFOS_5mg - GenX_100mg; PFOS_10mg - GenX_10mg; PFOS_10mg - GenX_20mg; PFOS_5mg - GenX_20mg; PFOS_10mg - PFOS_20mg; PFOS_10mg - PFOS_C; PFOS_5mg - PFOS_C
Compound1755,9.3218,0.00031591,3.5004,0.0066903,GenX_100mg - GenX_10mg; GenX_100mg - GenX_20mg; GenX_100mg - PFOS_20mg; PFOS_10mg - GenX_10mg; PFOS_5mg - GenX_10mg; PFOS_10mg - GenX_20mg; PFOS_5mg - GenX_20mg; PFOS_10mg - PFOS_20mg; PFOS_5mg - PFOS_20mg
Compound2008,9.2824,0.00032301,3.4908,0.00674,PFOS_20mg - GenX_100mg; PFOS_10mg - GenX_10mg; PFOS_20mg - GenX_10mg; PFOS_5mg - GenX_10mg; PFOS_C - GenX_10mg; PFOS_10mg - GenX_20mg; PFOS_20mg - GenX_20mg; PFOS_5mg - GenX_20mg; PFOS_C - GenX_20mg
Compound3236,9.279,0.00032365,3.4899,0.00674,GenX_20mg - GenX_100mg; PFOS_10mg - GenX_100mg; PFOS_5mg - GenX_100mg; PFOS_C - GenX_100mg; PFOS_10mg - GenX_10mg; PFOS_5mg - GenX_10mg; PFOS_5mg - PFOS_20mg
Compound3204,9.1942,0.00033961,3.469,0.007014,GenX_100mg - GenX_10mg; GenX_100mg - PFOS_C; PFOS_10mg - GenX_10mg; PFOS_5mg - GenX_10mg; GenX_20mg - PFOS_C; PFOS_10mg - PFOS_C; PFOS_20mg - PFOS_C; PFOS_5mg - PFOS_C
Compound4178,8.9483,0.00039127,3.4075,0.0080145,PFOS_10mg - GenX_100mg; PFOS_5mg - GenX_100mg; PFOS_C - GenX_100mg; PFOS_10mg - GenX_10mg; PFOS_5mg - GenX_10mg; PFOS_C - GenX_10mg; PFOS_10mg - GenX_20mg; PFOS_5mg - GenX_20mg; PFOS_C - GenX_20mg; PFOS_10mg - PFOS_20mg; PFOS_5mg - PFOS_20mg; PFOS_C - PFOS_20mg
Compound5007,8.8049,0.0004255,3.3711,0.0085429,PFOS_10mg - GenX_100mg; PFOS_5mg - GenX_100mg; PFOS_C - GenX_100mg; PFOS_10mg - GenX_10mg; PFOS_5mg - GenX_10mg; PFOS_C - GenX_10mg; PFOS_10mg - GenX_20mg; PFOS_5mg - GenX_20mg; PFOS_10mg - PFOS_20mg; PFOS_5mg - PFOS_20mg
Compound3091,8.7986,0.00042708,3.3695,0.0085429,PFOS_10mg - GenX_100mg; PFOS_5mg - GenX_100mg; PFOS_C - GenX_100mg; PFOS_10mg - GenX_10mg; PFOS_5mg - GenX_10mg; PFOS_10mg - GenX_20mg; PFOS_5mg - GenX_20mg; PFOS_10mg - PFOS_20mg; PFOS_5mg - PFOS_20mg
Compound412,8.7976,0.00042732,3.3692,0.0085429,PFOS_5mg - GenX_100mg; PFOS_5mg - GenX_10mg; PFOS_5mg - GenX_20mg; PFOS_5mg - PFOS_10mg; PFOS_5mg - PFOS_20mg; PFOS_5mg - PFOS_C
Compound922,8.7451,0.00044076,3.3558,0.0086752,PFOS_20mg - GenX_100mg; PFOS_C - GenX_100mg; GenX_10mg - PFOS_10mg; GenX_10mg - PFOS_5mg; GenX_20mg - PFOS_10mg; PFOS_20mg - PFOS_10mg; PFOS_C - PFOS_10mg; PFOS_20mg - PFOS_5mg; PFOS_C - PFOS_5mg
Compound4743,8.7406,0.00044194,3.3546,0.0086752,PFOS_10mg - GenX_100mg; PFOS_5mg - GenX_100mg; PFOS_C - GenX_100mg; PFOS_10mg - GenX_10mg; PFOS_5mg - GenX_10mg; PFOS_C - GenX_10mg; PFOS_5mg - GenX_20mg; PFOS_C - GenX_20mg; PFOS_10mg - PFOS_20mg; PFOS_5mg - PFOS_20mg; PFOS_C - PFOS_20mg
Compound339,8.7314,0.00044435,3.3523,0.0086752,GenX_100mg - GenX_10mg; GenX_100mg - PFOS_5mg; GenX_20mg - GenX_10mg; GenX_20mg - PFOS_10mg; GenX_20mg - PFOS_20mg; GenX_20mg - PFOS_5mg; GenX_20mg - PFOS_C; PFOS_C - PFOS_5mg
Compound4833,8.7176,0.00044801,3.3487,0.0086789,PFOS_10mg - GenX_100mg; PFOS_5mg - GenX_100mg; PFOS_C - GenX_100mg; PFOS_10mg - GenX_10mg; PFOS_5mg - GenX_10mg; PFOS_C - GenX_10mg; PFOS_10mg - GenX_20mg; PFOS_5mg - GenX_20mg; PFOS_C - GenX_20mg; PFOS_5mg - PFOS_20mg
Compound1148,8.6095,0.00047778,3.3208,0.0091732,GenX_100mg - PFOS_10mg; GenX_10mg - PFOS_10mg; GenX_20mg - PFOS_10mg; PFOS_20mg - PFOS_10mg; PFOS_5mg - PFOS_10mg; PFOS_C - PFOS_10mg
Compound4510,8.5987,0.00048087,3.318,0.0091732,PFOS_10mg - GenX_100mg; PFOS_5mg - GenX_100mg; PFOS_C - GenX_100mg; PFOS_10mg - GenX_10mg; PFOS_5mg - GenX_10mg; PFOS_C - GenX_10mg; PFOS_5mg - GenX_20mg; PFOS_5mg - PFOS_20mg
Compound413,8.5659,0.00049043,3.3094,0.0092847,PFOS_5mg - GenX_100mg; PFOS_5mg - GenX_10mg; PFOS_5mg - GenX_20mg; PFOS_5mg - PFOS_10mg; PFOS_5mg - PFOS_20mg; PFOS_5mg - PFOS_C
Compound4621,8.5512,0.00049477,3.3056,0.0092965,PFOS_10mg - GenX_100mg; PFOS_5mg - GenX_100mg; PFOS_C - GenX_100mg; PFOS_10mg - GenX_10mg; PFOS_5mg - GenX_10mg; PFOS_C - GenX_10mg
Compound670,8.5173,0.00050498,3.2967,0.0093637,PFOS_10mg - GenX_100mg; PFOS_20mg - GenX_100mg; PFOS_5mg - GenX_100mg; PFOS_10mg - GenX_20mg; PFOS_20mg - GenX_20mg; PFOS_5mg - GenX_20mg
Compound1475,8.5144,0.00050584,3.296,0.0093637,PFOS_5mg - GenX_100mg; GenX_20mg - GenX_10mg; PFOS_10mg - GenX_10mg; PFOS_5mg - GenX_10mg; GenX_20mg - PFOS_C; PFOS_10mg - PFOS_C; PFOS_5mg - PFOS_20mg; PFOS_5mg - PFOS_C
Compound3703,8.4763,0.00051761,3.286,0.0095111,GenX_100mg - PFOS_C; PFOS_10mg - GenX_10mg; PFOS_5mg - GenX_10mg; PFOS_10mg - GenX_20mg; PFOS_5mg - GenX_20mg; PFOS_10mg - PFOS_20mg; PFOS_10mg - PFOS_C; PFOS_5mg - PFOS_20mg; PFOS_5mg - PFOS_C
Compound4953,8.3918,0.00054487,3.2637,0.0099389,PFOS_10mg - GenX_100mg; PFOS_5mg - GenX_100mg; PFOS_C - GenX_100mg; PFOS_10mg - GenX_10mg; PFOS_5mg - GenX_10mg; PFOS_10mg - GenX_20mg; PFOS_5mg - GenX_20mg; PFOS_10mg - PFOS_20mg; PFOS_5mg - PFOS_20mg
